n,nsteps,r_skin,force_block,ke_block,update_block,rebuild_block,run,time_s,status,start_total,final_total,abs_delta,rel_delta,raw_log
1000,1000,0.2,256,32,256,128,1,0.235,0,-3325.3989,-3325.4199,-0.0209999999997,-6.31503185971e-06,results/raw/n1000_steps1000_skin0.2_force256_ke32_update256_rebuild128_run1.log
1000,1000,0.2,256,32,256,128,2,0.231,0,-3325.3990,-3325.4229,-0.0239000000001,-7.18710747196e-06,results/raw/n1000_steps1000_skin0.2_force256_ke32_update256_rebuild128_run2.log
1000,1000,0.2,256,32,256,128,3,0.236,0,-3325.3989,-3325.4291,-0.0301999999997,-9.08161724589e-06,results/raw/n1000_steps1000_skin0.2_force256_ke32_update256_rebuild128_run3.log
1000,1000,0.2,256,32,256,128,4,0.245,0,-3325.3989,-3325.4259,-0.027,-8.11932667688e-06,results/raw/n1000_steps1000_skin0.2_force256_ke32_update256_rebuild128_run4.log
1000,1000,0.2,256,32,256,128,5,0.225,0,-3325.3986,-3325.4250,-0.0264000000002,-7.93889791142e-06,results/raw/n1000_steps1000_skin0.2_force256_ke32_update256_rebuild128_run5.log
1000,2000,0.2,256,32,256,128,1,0.291,0,-3325.3986,-3325.4360,-0.0374000000002,-1.12467720412e-05,results/raw/n1000_steps2000_skin0.2_force256_ke32_update256_rebuild128_run1.log
1000,2000,0.2,256,32,256,128,2,0.273,0,-3325.3984,-3325.4362,-0.0378000000001,-1.13670590568e-05,results/raw/n1000_steps2000_skin0.2_force256_ke32_update256_rebuild128_run2.log
1000,2000,0.2,256,32,256,128,3,0.269,0,-3325.3990,-3325.4196,-0.0206000000003,-6.19474535245e-06,results/raw/n1000_steps2000_skin0.2_force256_ke32_update256_rebuild128_run3.log
1000,2000,0.2,256,32,256,128,4,0.264,0,-3325.3987,-3325.4227,-0.0239999999999,-7.21717970236e-06,results/raw/n1000_steps2000_skin0.2_force256_ke32_update256_rebuild128_run4.log
1000,2000,0.2,256,32,256,128,5,0.257,0,-3325.3986,-3325.4233,-0.0246999999999,-7.42768100039e-06,results/raw/n1000_steps2000_skin0.2_force256_ke32_update256_rebuild128_run5.log
1000,5000,0.2,256,32,256,128,1,0.399,0,-3325.3989,-3325.4165,-0.0175999999997,-5.29259813001e-06,results/raw/n1000_steps5000_skin0.2_force256_ke32_update256_rebuild128_run1.log
1000,5000,0.2,256,32,256,128,2,0.496,0,-3325.3989,-3325.4290,-0.0300999999999,-9.05154566568e-06,results/raw/n1000_steps5000_skin0.2_force256_ke32_update256_rebuild128_run2.log
1000,5000,0.2,256,32,256,128,3,0.508,0,-3325.3989,-3325.4081,-0.00919999999996,-2.76658538618e-06,results/raw/n1000_steps5000_skin0.2_force256_ke32_update256_rebuild128_run3.log
1000,5000,0.2,256,32,256,128,4,0.502,0,-3325.3987,-3325.4142,-0.0155,-4.66109522445e-06,results/raw/n1000_steps5000_skin0.2_force256_ke32_update256_rebuild128_run4.log
1000,5000,0.2,256,32,256,128,5,0.515,0,-3325.3989,-3325.4164,-0.0174999999999,-5.2625265498e-06,results/raw/n1000_steps5000_skin0.2_force256_ke32_update256_rebuild128_run5.log
1000,10000,0.2,256,32,256,128,1,0.760,0,-3325.3985,-3325.4346,-0.0361000000003,-1.08558417887e-05,results/raw/n1000_steps10000_skin0.2_force256_ke32_update256_rebuild128_run1.log
1000,10000,0.2,256,32,256,128,2,0.761,0,-3325.3984,-3325.4324,-0.0340000000001,-1.02243388341e-05,results/raw/n1000_steps10000_skin0.2_force256_ke32_update256_rebuild128_run2.log
1000,10000,0.2,256,32,256,128,3,0.752,0,-3325.3989,-3325.4070,-0.00810000000001,-2.43579800306e-06,results/raw/n1000_steps10000_skin0.2_force256_ke32_update256_rebuild128_run3.log
1000,10000,0.2,256,32,256,128,4,0.758,0,-3325.3989,-3325.4492,-0.0502999999999,-1.51260048832e-05,results/raw/n1000_steps10000_skin0.2_force256_ke32_update256_rebuild128_run4.log
1000,10000,0.2,256,32,256,128,5,0.752,0,-3325.3989,-3325.4061,-0.00720000000001,-2.1651537805e-06,results/raw/n1000_steps10000_skin0.2_force256_ke32_update256_rebuild128_run5.log
2000,1000,0.2,256,32,256,128,1,0.212,0,-2503.2991,-2504.0703,-0.7712,-0.000308073453947,results/raw/n2000_steps1000_skin0.2_force256_ke32_update256_rebuild128_run1.log
2000,1000,0.2,256,32,256,128,2,0.202,0,-2503.2993,-2504.0774,-0.7781,-0.000310829791707,results/raw/n2000_steps1000_skin0.2_force256_ke32_update256_rebuild128_run2.log
2000,1000,0.2,256,32,256,128,3,0.210,0,-2503.2993,-2504.0691,-0.7698,-0.000307514167403,results/raw/n2000_steps1000_skin0.2_force256_ke32_update256_rebuild128_run3.log
2000,1000,0.2,256,32,256,128,4,0.207,0,-2503.2990,-2504.0654,-0.7664,-0.000306155996547,results/raw/n2000_steps1000_skin0.2_force256_ke32_update256_rebuild128_run4.log
2000,1000,0.2,256,32,256,128,5,0.211,0,-2503.2993,-2504.0752,-0.7759,-0.00030995095153,results/raw/n2000_steps1000_skin0.2_force256_ke32_update256_rebuild128_run5.log
2000,2000,0.2,256,32,256,128,1,0.267,0,-2503.2993,-2504.1260,-0.8267,-0.000330244170164,results/raw/n2000_steps2000_skin0.2_force256_ke32_update256_rebuild128_run1.log
2000,2000,0.2,256,32,256,128,2,0.280,0,-2503.2991,-2504.1973,-0.8982,-0.000358806504584,results/raw/n2000_steps2000_skin0.2_force256_ke32_update256_rebuild128_run2.log
2000,2000,0.2,256,32,256,128,3,0.273,0,-2503.2993,-2504.1953,-0.896,-0.00035792763574,results/raw/n2000_steps2000_skin0.2_force256_ke32_update256_rebuild128_run3.log
2000,2000,0.2,256,32,256,128,4,0.254,0,-2503.2993,-2504.1528,-0.8535,-0.000340950041411,results/raw/n2000_steps2000_skin0.2_force256_ke32_update256_rebuild128_run4.log
2000,2000,0.2,256,32,256,128,5,0.256,0,-2503.2990,-2504.1655,-0.8665,-0.000346143229395,results/raw/n2000_steps2000_skin0.2_force256_ke32_update256_rebuild128_run5.log
2000,5000,0.2,256,32,256,128,1,0.402,0,-2503.2993,-2504.1045,-0.8052,-0.000321655504797,results/raw/n2000_steps5000_skin0.2_force256_ke32_update256_rebuild128_run1.log
2000,5000,0.2,256,32,256,128,2,0.404,0,-2503.2991,-2504.1753,-0.8762,-0.000350018102112,results/raw/n2000_steps5000_skin0.2_force256_ke32_update256_rebuild128_run2.log
2000,5000,0.2,256,32,256,128,3,0.417,0,-2503.2991,-2504.0933,-0.7942,-0.000317261329259,results/raw/n2000_steps5000_skin0.2_force256_ke32_update256_rebuild128_run3.log
2000,5000,0.2,256,32,256,128,4,0.405,0,-2503.2991,-2504.1267,-0.8276,-0.000330603722104,results/raw/n2000_steps5000_skin0.2_force256_ke32_update256_rebuild128_run4.log
2000,5000,0.2,256,32,256,128,5,0.407,0,-2503.2993,-2504.1067,-0.8074,-0.000322534344974,results/raw/n2000_steps5000_skin0.2_force256_ke32_update256_rebuild128_run5.log
2000,10000,0.2,256,32,256,128,1,0.649,0,-2503.2991,-2504.0869,-0.7878,-0.000314704703085,results/raw/n2000_steps10000_skin0.2_force256_ke32_update256_rebuild128_run1.log
2000,10000,0.2,256,32,256,128,2,0.637,0,-2503.2993,-2504.1147,-0.8154,-0.000325730127436,results/raw/n2000_steps10000_skin0.2_force256_ke32_update256_rebuild128_run2.log
2000,10000,0.2,256,32,256,128,3,0.639,0,-2503.2991,-2504.0598,-0.7607,-0.000303878989131,results/raw/n2000_steps10000_skin0.2_force256_ke32_update256_rebuild128_run3.log
2000,10000,0.2,256,32,256,128,4,0.632,0,-2503.2993,-2504.1094,-0.8101,-0.000323612921555,results/raw/n2000_steps10000_skin0.2_force256_ke32_update256_rebuild128_run4.log
2000,10000,0.2,256,32,256,128,5,0.634,0,-2503.2991,-2504.1143,-0.8152,-0.000325650258892,results/raw/n2000_steps10000_skin0.2_force256_ke32_update256_rebuild128_run5.log
4000,1000,0.2,256,32,256,128,1,0.216,0,-13641.0968,-13641.1904,-0.0936000000002,-6.86161834143e-06,results/raw/n4000_steps1000_skin0.2_force256_ke32_update256_rebuild128_run1.log
4000,1000,0.2,256,32,256,128,2,0.216,0,-13641.0978,-13641.2095,-0.111700000001,-8.1884905188e-06,results/raw/n4000_steps1000_skin0.2_force256_ke32_update256_rebuild128_run2.log
4000,1000,0.2,256,32,256,128,3,0.211,0,-13641.0978,-13641.2095,-0.111700000001,-8.1884905188e-06,results/raw/n4000_steps1000_skin0.2_force256_ke32_update256_rebuild128_run3.log
4000,1000,0.2,256,32,256,128,4,0.207,0,-13641.0977,-13641.2065,-0.1088,-7.97589771679e-06,results/raw/n4000_steps1000_skin0.2_force256_ke32_update256_rebuild128_run4.log
4000,1000,0.2,256,32,256,128,5,0.231,0,-13641.0978,-13641.2075,-0.109700000001,-8.04187475299e-06,results/raw/n4000_steps1000_skin0.2_force256_ke32_update256_rebuild128_run5.log
4000,2000,0.2,256,32,256,128,1,0.276,0,-13641.0977,-13641.2734,-0.1757,-1.2880195118e-05,results/raw/n4000_steps2000_skin0.2_force256_ke32_update256_rebuild128_run1.log
4000,2000,0.2,256,32,256,128,2,0.273,0,-13641.0978,-13641.2954,-0.197600000001,-1.4485637659e-05,results/raw/n4000_steps2000_skin0.2_force256_ke32_update256_rebuild128_run2.log
4000,2000,0.2,256,32,256,128,3,0.276,0,-13641.0966,-13641.2856,-0.188999999998,-1.38551910847e-05,results/raw/n4000_steps2000_skin0.2_force256_ke32_update256_rebuild128_run3.log
4000,2000,0.2,256,32,256,128,4,0.263,0,-13641.0978,-13641.2549,-0.1571,-1.15166684019e-05,results/raw/n4000_steps2000_skin0.2_force256_ke32_update256_rebuild128_run4.log
4000,2000,0.2,256,32,256,128,5,0.259,0,-13641.0968,-13641.3159,-0.2191,-1.60617583185e-05,results/raw/n4000_steps2000_skin0.2_force256_ke32_update256_rebuild128_run5.log
4000,5000,0.2,256,32,256,128,1,0.416,0,-13641.0968,-13641.2874,-0.1906,-1.39724835029e-05,results/raw/n4000_steps5000_skin0.2_force256_ke32_update256_rebuild128_run1.log
4000,5000,0.2,256,32,256,128,2,0.420,0,-13641.0978,-13641.2700,-0.172200000001,-1.26236174336e-05,results/raw/n4000_steps5000_skin0.2_force256_ke32_update256_rebuild128_run2.log
4000,5000,0.2,256,32,256,128,3,0.413,0,-13641.0968,-13641.1960,-0.0992000000006,-7.27214251574e-06,results/raw/n4000_steps5000_skin0.2_force256_ke32_update256_rebuild128_run3.log
4000,5000,0.2,256,32,256,128,4,0.418,0,-13641.0968,-13641.2524,-0.1556,-1.14067074137e-05,results/raw/n4000_steps5000_skin0.2_force256_ke32_update256_rebuild128_run4.log
4000,5000,0.2,256,32,256,128,5,0.425,0,-13641.0968,-13641.2141,-0.1173,-8.59901529325e-06,results/raw/n4000_steps5000_skin0.2_force256_ke32_update256_rebuild128_run5.log
4000,10000,0.2,256,32,256,128,1,0.678,0,-13641.0968,-13641.2480,-0.1512,-1.10841527054e-05,results/raw/n4000_steps10000_skin0.2_force256_ke32_update256_rebuild128_run1.log
4000,10000,0.2,256,32,256,128,2,0.688,0,-13641.0968,-13641.2136,-0.1168,-8.56236134911e-06,results/raw/n4000_steps10000_skin0.2_force256_ke32_update256_rebuild128_run2.log
4000,10000,0.2,256,32,256,128,3,0.679,0,-13641.0968,-13641.1890,-0.092200000001,-6.75898729792e-06,results/raw/n4000_steps10000_skin0.2_force256_ke32_update256_rebuild128_run3.log
4000,10000,0.2,256,32,256,128,4,0.680,0,-13641.0977,-13641.2300,-0.132299999999,-9.69863297726e-06,results/raw/n4000_steps10000_skin0.2_force256_ke32_update256_rebuild128_run4.log
4000,10000,0.2,256,32,256,128,5,0.676,0,-13641.0977,-13641.3022,-0.2045,-1.49914621607e-05,results/raw/n4000_steps10000_skin0.2_force256_ke32_update256_rebuild128_run5.log
8000,1000,0.2,256,32,256,128,1,0.211,0,-26650.0547,-26650.3911,-0.3364,-1.2622863397e-05,results/raw/n8000_steps1000_skin0.2_force256_ke32_update256_rebuild128_run1.log
8000,1000,0.2,256,32,256,128,2,0.215,0,-26650.0547,-26650.3569,-0.302199999998,-1.13395639671e-05,results/raw/n8000_steps1000_skin0.2_force256_ke32_update256_rebuild128_run2.log
8000,1000,0.2,256,32,256,128,3,0.217,0,-26650.0547,-26650.3652,-0.3105,-1.16510079808e-05,results/raw/n8000_steps1000_skin0.2_force256_ke32_update256_rebuild128_run3.log
8000,1000,0.2,256,32,256,128,4,0.219,0,-26650.0547,-26650.3789,-0.324199999999,-1.21650782202e-05,results/raw/n8000_steps1000_skin0.2_force256_ke32_update256_rebuild128_run4.log
8000,1000,0.2,256,32,256,128,5,0.210,0,-26650.0546,-26650.3857,-0.331099999999,-1.24239895553e-05,results/raw/n8000_steps1000_skin0.2_force256_ke32_update256_rebuild128_run5.log
8000,2000,0.2,256,32,256,128,1,0.263,0,-26650.0549,-26650.4780,-0.4231,-1.58761399024e-05,results/raw/n8000_steps2000_skin0.2_force256_ke32_update256_rebuild128_run1.log
8000,2000,0.2,256,32,256,128,2,0.266,0,-26650.0546,-26650.4858,-0.431199999999,-1.61800794209e-05,results/raw/n8000_steps2000_skin0.2_force256_ke32_update256_rebuild128_run2.log
8000,2000,0.2,256,32,256,128,3,0.271,0,-26650.0566,-26650.4819,-0.425299999999,-1.59586903091e-05,results/raw/n8000_steps2000_skin0.2_force256_ke32_update256_rebuild128_run3.log
8000,2000,0.2,256,32,256,128,4,0.364,0,-26650.0547,-26650.5049,-0.450199999999,-1.68930234878e-05,results/raw/n8000_steps2000_skin0.2_force256_ke32_update256_rebuild128_run4.log
8000,2000,0.2,256,32,256,128,5,0.348,0,-26650.0566,-26650.4697,-0.413100000002,-1.55009051651e-05,results/raw/n8000_steps2000_skin0.2_force256_ke32_update256_rebuild128_run5.log
8000,5000,0.2,256,32,256,128,1,0.519,0,-26650.0546,-26650.4062,-0.351600000002,-1.31932187487e-05,results/raw/n8000_steps5000_skin0.2_force256_ke32_update256_rebuild128_run1.log
8000,5000,0.2,256,32,256,128,2,0.521,0,-26650.0544,-26650.4736,-0.4192,-1.57297990356e-05,results/raw/n8000_steps5000_skin0.2_force256_ke32_update256_rebuild128_run2.log
8000,5000,0.2,256,32,256,128,3,0.515,0,-26650.0546,-26650.4482,-0.393599999999,-1.47692005104e-05,results/raw/n8000_steps5000_skin0.2_force256_ke32_update256_rebuild128_run3.log
8000,5000,0.2,256,32,256,128,4,0.521,0,-26650.0547,-26650.6895,-0.6348,-2.38198385386e-05,results/raw/n8000_steps5000_skin0.2_force256_ke32_update256_rebuild128_run4.log
8000,5000,0.2,256,32,256,128,5,0.525,0,-26650.0547,-26650.4644,-0.4097,-1.53733267947e-05,results/raw/n8000_steps5000_skin0.2_force256_ke32_update256_rebuild128_run5.log
8000,10000,0.2,256,32,256,128,1,0.806,0,-26650.0567,-26650.4883,-0.4316,-1.61950874949e-05,results/raw/n8000_steps10000_skin0.2_force256_ke32_update256_rebuild128_run1.log
8000,10000,0.2,256,32,256,128,2,0.800,0,-26650.0547,-26650.5991,-0.544399999999,-2.0427725426e-05,results/raw/n8000_steps10000_skin0.2_force256_ke32_update256_rebuild128_run2.log
8000,10000,0.2,256,32,256,128,3,0.712,0,-26650.0547,-26650.4785,-0.4238,-1.59024063842e-05,results/raw/n8000_steps10000_skin0.2_force256_ke32_update256_rebuild128_run3.log
8000,10000,0.2,256,32,256,128,4,0.680,0,-26650.0547,-26650.5703,-0.515599999999,-1.9347052222e-05,results/raw/n8000_steps10000_skin0.2_force256_ke32_update256_rebuild128_run4.log
8000,10000,0.2,256,32,256,128,5,0.677,0,-26650.0547,-26650.2764,-0.221699999998,-8.31893226839e-06,results/raw/n8000_steps10000_skin0.2_force256_ke32_update256_rebuild128_run5.log
16000,1000,0.2,256,32,256,128,1,0.215,0,-24141.3887,-24147.0020,-5.6133,-0.000232517692737,results/raw/n16000_steps1000_skin0.2_force256_ke32_update256_rebuild128_run1.log
16000,1000,0.2,256,32,256,128,2,0.225,0,-24141.3887,-24147.0801,-5.6914,-0.000235752800749,results/raw/n16000_steps1000_skin0.2_force256_ke32_update256_rebuild128_run2.log
16000,1000,0.2,256,32,256,128,3,0.234,0,-24141.3886,-24147.0488,-5.6602,-0.000234460415421,results/raw/n16000_steps1000_skin0.2_force256_ke32_update256_rebuild128_run3.log
16000,1000,0.2,256,32,256,128,4,0.235,0,-24141.3887,-24147.1172,-5.7285,-0.000237289580611,results/raw/n16000_steps1000_skin0.2_force256_ke32_update256_rebuild128_run4.log
16000,1000,0.2,256,32,256,128,5,0.229,0,-24141.3887,-24147.1094,-5.7207,-0.000236966484037,results/raw/n16000_steps1000_skin0.2_force256_ke32_update256_rebuild128_run5.log
16000,2000,0.2,256,32,256,128,1,0.288,0,-24141.3887,-24147.4473,-6.0586,-0.000250963193348,results/raw/n16000_steps2000_skin0.2_force256_ke32_update256_rebuild128_run1.log
16000,2000,0.2,256,32,256,128,2,0.283,0,-24141.3896,-24147.3496,-5.96,-0.000246878912057,results/raw/n16000_steps2000_skin0.2_force256_ke32_update256_rebuild128_run2.log
16000,2000,0.2,256,32,256,128,3,0.282,0,-24141.3897,-24147.5137,-6.124,-0.000253672223352,results/raw/n16000_steps2000_skin0.2_force256_ke32_update256_rebuild128_run3.log
16000,2000,0.2,256,32,256,128,4,0.284,0,-24141.3887,-24147.4395,-6.0508,-0.000250640096773,results/raw/n16000_steps2000_skin0.2_force256_ke32_update256_rebuild128_run4.log
16000,2000,0.2,256,32,256,128,5,0.283,0,-24141.3891,-24147.3359,-5.9468,-0.000246332138361,results/raw/n16000_steps2000_skin0.2_force256_ke32_update256_rebuild128_run5.log
16000,5000,0.2,256,32,256,128,1,0.446,0,-24141.3887,-24147.9883,-6.5996,-0.000273372840395,results/raw/n16000_steps5000_skin0.2_force256_ke32_update256_rebuild128_run1.log
16000,5000,0.2,256,32,256,128,2,0.451,0,-24141.3892,-24148.0996,-6.7104,-0.000277962462906,results/raw/n16000_steps5000_skin0.2_force256_ke32_update256_rebuild128_run2.log
16000,5000,0.2,256,32,256,128,3,0.442,0,-24141.3881,-24147.9062,-6.5181,-0.000269996902125,results/raw/n16000_steps5000_skin0.2_force256_ke32_update256_rebuild128_run3.log
16000,5000,0.2,256,32,256,128,4,0.434,0,-24141.3862,-24148.0254,-6.6392,-0.000275013205331,results/raw/n16000_steps5000_skin0.2_force256_ke32_update256_rebuild128_run4.log
16000,5000,0.2,256,32,256,128,5,0.442,0,-24141.3887,-24147.9746,-6.5859,-0.000272805350257,results/raw/n16000_steps5000_skin0.2_force256_ke32_update256_rebuild128_run5.log
16000,10000,0.2,256,32,256,128,1,0.694,0,-24141.3887,-24147.2754,-5.8867,-0.000243842641911,results/raw/n16000_steps10000_skin0.2_force256_ke32_update256_rebuild128_run1.log
16000,10000,0.2,256,32,256,128,2,0.701,0,-24141.3891,-24147.4160,-6.0269,-0.000249650091593,results/raw/n16000_steps10000_skin0.2_force256_ke32_update256_rebuild128_run2.log
16000,10000,0.2,256,32,256,128,3,0.699,0,-24141.3882,-24147.6094,-6.2212,-0.000257698519591,results/raw/n16000_steps10000_skin0.2_force256_ke32_update256_rebuild128_run3.log
16000,10000,0.2,256,32,256,128,4,0.711,0,-24141.3887,-24147.2012,-5.8125,-0.000240769082186,results/raw/n16000_steps10000_skin0.2_force256_ke32_update256_rebuild128_run4.log
16000,10000,0.2,256,32,256,128,5,0.699,0,-24141.3887,-24147.5332,-6.1445,-0.000254521397934,results/raw/n16000_steps10000_skin0.2_force256_ke32_update256_rebuild128_run5.log
20000,1000,0.2,256,32,256,128,1,0.252,0,-30523.3594,-30530.6719,-7.3125,-0.000239570615546,results/raw/n20000_steps1000_skin0.2_force256_ke32_update256_rebuild128_run1.log
20000,1000,0.2,256,32,256,128,2,0.242,0,-30523.3555,-30530.7305,-7.375,-0.000241618258517,results/raw/n20000_steps1000_skin0.2_force256_ke32_update256_rebuild128_run2.log
20000,1000,0.2,256,32,256,128,3,0.261,0,-30523.3555,-30530.6328,-7.2773,-0.000238417430875,results/raw/n20000_steps1000_skin0.2_force256_ke32_update256_rebuild128_run3.log
20000,1000,0.2,256,32,256,128,4,0.240,0,-30523.3555,-30530.6953,-7.3398,-0.000240465043235,results/raw/n20000_steps1000_skin0.2_force256_ke32_update256_rebuild128_run4.log
20000,1000,0.2,256,32,256,128,5,0.247,0,-30523.3555,-30530.6172,-7.2617,-0.00023790634683,results/raw/n20000_steps1000_skin0.2_force256_ke32_update256_rebuild128_run5.log
20000,2000,0.2,256,32,256,128,1,0.298,0,-30523.3564,-30531.1562,-7.7998,-0.000255535462673,results/raw/n20000_steps2000_skin0.2_force256_ke32_update256_rebuild128_run1.log
20000,2000,0.2,256,32,256,128,2,0.296,0,-30523.3565,-30531.1602,-7.8037,-0.000255663232843,results/raw/n20000_steps2000_skin0.2_force256_ke32_update256_rebuild128_run2.log
20000,2000,0.2,256,32,256,128,3,0.286,0,-30523.3555,-30531.2422,-7.8867,-0.000258382470433,results/raw/n20000_steps2000_skin0.2_force256_ke32_update256_rebuild128_run3.log
20000,2000,0.2,256,32,256,128,4,0.290,0,-30523.3565,-30531.1211,-7.7646,-0.000254382246592,results/raw/n20000_steps2000_skin0.2_force256_ke32_update256_rebuild128_run4.log
20000,2000,0.2,256,32,256,128,5,0.285,0,-30523.3545,-30530.9688,-7.6143,-0.000249458164895,results/raw/n20000_steps2000_skin0.2_force256_ke32_update256_rebuild128_run5.log
20000,5000,0.2,256,32,256,128,1,0.455,0,-30523.3555,-30531.6211,-8.2656,-0.000270795915606,results/raw/n20000_steps5000_skin0.2_force256_ke32_update256_rebuild128_run1.log
20000,5000,0.2,256,32,256,128,2,0.457,0,-30523.3554,-30531.6523,-8.2969,-0.000271821360767,results/raw/n20000_steps5000_skin0.2_force256_ke32_update256_rebuild128_run2.log
20000,5000,0.2,256,32,256,128,3,0.459,0,-30523.3555,-30531.7930,-8.4375,-0.000276427668642,results/raw/n20000_steps5000_skin0.2_force256_ke32_update256_rebuild128_run3.log
20000,5000,0.2,256,32,256,128,4,0.463,0,-30523.3555,-30531.7930,-8.4375,-0.000276427668642,results/raw/n20000_steps5000_skin0.2_force256_ke32_update256_rebuild128_run4.log
20000,5000,0.2,256,32,256,128,5,0.458,0,-30523.3525,-30531.7812,-8.4287,-0.000276139391962,results/raw/n20000_steps5000_skin0.2_force256_ke32_update256_rebuild128_run5.log
20000,10000,0.2,256,32,256,128,1,0.727,0,-30523.3594,-30531.2539,-7.8945,-0.000258637979409,results/raw/n20000_steps10000_skin0.2_force256_ke32_update256_rebuild128_run1.log
20000,10000,0.2,256,32,256,128,2,0.728,0,-30523.3555,-30531.0078,-7.6523,-0.000250703105037,results/raw/n20000_steps10000_skin0.2_force256_ke32_update256_rebuild128_run2.log
20000,10000,0.2,256,32,256,128,3,0.725,0,-30523.3555,-30531.3086,-7.9531,-0.000260557853805,results/raw/n20000_steps10000_skin0.2_force256_ke32_update256_rebuild128_run3.log
20000,10000,0.2,256,32,256,128,4,0.723,0,-30523.3565,-30531.3477,-7.9912,-0.000261806069722,results/raw/n20000_steps10000_skin0.2_force256_ke32_update256_rebuild128_run4.log
20000,10000,0.2,256,32,256,128,5,0.727,0,-30523.3555,-30531.2617,-7.9062,-0.00025902132549,results/raw/n20000_steps10000_skin0.2_force256_ke32_update256_rebuild128_run5.log
